n,pocket_n,pocket_score,pocket_overlap,x,y,z,psi,psi1,psi2,psi3,psi4,psi5,psi6,psi7,psi8
1,1,0.848,0.947,   9.715,  11.970,   9.614,   0.756,   0.044,   0.773,   0.572,   0.696,   0.766,   0.864,   0.418,   0.536
2,1,0.848,0.947,  10.965,   9.470,   8.364,   0.770,   0.050,   0.795,   0.401,   0.717,   0.766,   0.881,   0.503,   0.552
3,1,0.848,0.947,  10.965,  10.720,   8.364,   0.775,   0.067,   0.768,   0.577,   0.686,   0.764,   0.860,   0.527,   0.645
4,1,0.848,0.947,  10.965,  11.970,   8.364,   0.774,   0.081,   0.740,   0.731,   0.654,   0.748,   0.840,   0.541,   0.715
5,1,0.848,0.947,  10.965,  11.970,   9.614,   0.779,   0.067,   0.767,   0.670,   0.680,   0.756,   0.862,   0.519,   0.655
6,1,0.848,0.947,  10.965,  13.220,   8.364,   0.758,   0.091,   0.704,   0.822,   0.615,   0.716,   0.812,   0.545,   0.759
7,1,0.848,0.947,  10.965,  13.220,   9.614,   0.760,   0.073,   0.732,   0.762,   0.641,   0.728,   0.835,   0.506,   0.685
8,1,0.848,0.947,  12.215,   1.970,  15.864,   0.919,   0.047,   0.990,   0.445,   0.932,   0.910,   0.969,   0.535,   0.448
9,1,0.848,0.947,  12.215,   1.970,  17.114,   0.923,   0.048,   1.000,   0.419,   0.938,   0.937,   0.979,   0.533,   0.476
10,1,0.848,0.947,  12.215,   1.970,  18.364,   0.910,   0.046,   1.000,   0.320,   0.934,   0.948,   0.981,   0.506,   0.478
11,1,0.848,0.947,  12.215,   3.220,  17.114,   0.925,   0.052,   0.994,   0.437,   0.920,   0.947,   0.978,   0.617,   0.512
12,1,0.848,0.947,  12.215,   4.470,  17.114,   0.921,   0.053,   0.987,   0.426,   0.904,   0.948,   0.978,   0.676,   0.541
13,1,0.848,0.947,  12.215,   5.720,  17.114,   0.902,   0.048,   0.972,   0.381,   0.882,   0.936,   0.971,   0.701,   0.558
14,1,0.848,0.947,  12.215,   9.470,   7.114,   0.760,   0.082,   0.755,   0.405,   0.668,   0.749,   0.852,   0.578,   0.646
15,1,0.848,0.947,  12.215,   9.470,   8.364,   0.780,   0.073,   0.785,   0.407,   0.696,   0.757,   0.873,   0.606,   0.643
16,1,0.848,0.947,  12.215,   9.470,  10.864,   0.792,   0.052,   0.836,   0.234,   0.744,   0.769,   0.902,   0.659,   0.602
17,1,0.848,0.947,  12.215,  10.720,   7.114,   0.765,   0.110,   0.724,   0.525,   0.635,   0.737,   0.825,   0.617,   0.763
18,1,0.848,0.947,  12.215,  10.720,   8.364,   0.785,   0.097,   0.755,   0.570,   0.664,   0.749,   0.848,   0.627,   0.747
19,1,0.848,0.947,  12.215,  10.720,   9.614,   0.792,   0.081,   0.783,   0.513,   0.691,   0.755,   0.868,   0.636,   0.710
20,1,0.848,0.947,  12.215,  11.970,   7.114,   0.763,   0.135,   0.691,   0.627,   0.599,   0.710,   0.798,   0.640,   0.851
21,1,0.848,0.947,  12.215,  11.970,   8.364,   0.784,   0.116,   0.723,   0.720,   0.630,   0.726,   0.824,   0.633,   0.821
22,1,0.848,0.947,  12.215,  11.970,   9.614,   0.788,   0.094,   0.752,   0.675,   0.658,   0.734,   0.846,   0.620,   0.766
23,1,0.848,0.947,  12.215,  13.220,   8.364,   0.768,   0.129,   0.684,   0.830,   0.590,   0.688,   0.790,   0.624,   0.859
24,1,0.848,0.947,  12.215,  13.220,   9.614,   0.768,   0.101,   0.713,   0.785,   0.618,   0.700,   0.814,   0.593,   0.790
25,1,0.848,0.947,  13.465,   0.720,  15.864,   0.945,   0.053,   0.991,   0.655,   0.947,   0.931,   0.973,   0.476,   0.430
26,1,0.848,0.947,  13.465,   0.720,  17.114,   0.945,   0.055,   1.000,   0.587,   0.951,   0.956,   0.983,   0.475,   0.456
27,1,0.848,0.947,  13.465,   0.720,  18.364,   0.925,   0.052,   0.999,   0.417,   0.947,   0.965,   0.985,   0.451,   0.459
28,1,0.848,0.947,  13.465,   1.970,  14.614,   0.940,   0.059,   0.981,   0.603,   0.925,   0.910,   0.972,   0.572,   0.427
29,1,0.848,0.947,  13.465,   1.970,  15.864,   0.959,   0.062,   0.992,   0.716,   0.934,   0.952,   0.975,   0.594,   0.476
30,1,0.848,0.947,  13.465,   1.970,  17.114,   0.959,   0.063,   0.999,   0.669,   0.937,   0.976,   0.983,   0.589,   0.502
31,1,0.848,0.947,  13.465,   1.970,  18.364,   0.936,   0.058,   0.997,   0.508,   0.931,   0.980,   0.984,   0.554,   0.498
32,1,0.848,0.947,  13.465,   1.970,  19.614,   0.898,   0.044,   0.987,   0.320,   0.916,   0.965,   0.981,   0.494,   0.467
33,1,0.848,0.947,  13.465,   3.220,  14.614,   0.941,   0.065,   0.977,   0.571,   0.908,   0.920,   0.970,   0.684,   0.476
34,1,0.848,0.947,  13.465,   3.220,  15.864,   0.961,   0.069,   0.987,   0.684,   0.916,   0.963,   0.973,   0.704,   0.526
35,1,0.848,0.947,  13.465,   3.220,  17.114,   0.960,   0.068,   0.993,   0.659,   0.919,   0.986,   0.979,   0.691,   0.548
36,1,0.848,0.947,  13.465,   3.220,  18.364,   0.936,   0.062,   0.989,   0.531,   0.911,   0.986,   0.979,   0.642,   0.536
37,1,0.848,0.947,  13.465,   3.220,  19.614,   0.896,   0.046,   0.978,   0.368,   0.895,   0.966,   0.976,   0.565,   0.494
38,1,0.848,0.947,  13.465,   4.470,  14.614,   0.938,   0.066,   0.971,   0.531,   0.891,   0.919,   0.971,   0.778,   0.529
39,1,0.848,0.947,  13.465,   4.470,  15.864,   0.954,   0.069,   0.981,   0.629,   0.899,   0.961,   0.973,   0.790,   0.574
40,1,0.848,0.947,  13.465,   4.470,  17.114,   0.953,   0.069,   0.985,   0.614,   0.900,   0.983,   0.977,   0.765,   0.589
41,1,0.848,0.947,  13.465,   4.470,  18.364,   0.929,   0.062,   0.980,   0.513,   0.891,   0.981,   0.976,   0.702,   0.569
42,1,0.848,0.947,  13.465,   5.720,  14.614,   0.921,   0.060,   0.957,   0.487,   0.868,   0.907,   0.963,   0.840,   0.581
43,1,0.848,0.947,  13.465,   5.720,  15.864,   0.934,   0.063,   0.965,   0.563,   0.876,   0.946,   0.964,   0.839,   0.615
44,1,0.848,0.947,  13.465,   5.720,  17.114,   0.929,   0.062,   0.968,   0.542,   0.875,   0.965,   0.967,   0.800,   0.619
45,1,0.848,0.947,  13.465,   5.720,  18.364,   0.904,   0.056,   0.962,   0.446,   0.866,   0.962,   0.965,   0.724,   0.587
46,1,0.848,0.947,  13.465,   6.970,  14.614,   0.889,   0.049,   0.934,   0.394,   0.840,   0.884,   0.947,   0.861,   0.621
47,1,0.848,0.947,  13.465,   6.970,  15.864,   0.897,   0.050,   0.941,   0.448,   0.847,   0.917,   0.948,   0.844,   0.638
48,1,0.848,0.947,  13.465,   6.970,  17.114,   0.888,   0.050,   0.943,   0.411,   0.846,   0.934,   0.949,   0.791,   0.627
49,1,0.848,0.947,  13.465,   8.220,  10.864,   0.805,   0.055,   0.852,   0.144,   0.755,   0.762,   0.911,   0.776,   0.611
50,1,0.848,0.947,  13.465,   9.470,   7.114,   0.763,   0.110,   0.739,   0.358,   0.644,   0.729,   0.838,   0.664,   0.720
51,1,0.848,0.947,  13.465,   9.470,   9.614,   0.799,   0.084,   0.799,   0.367,   0.701,   0.742,   0.877,   0.744,   0.717
52,1,0.848,0.947,  13.465,   9.470,  10.864,   0.803,   0.070,   0.823,   0.287,   0.725,   0.751,   0.889,   0.776,   0.698
53,1,0.848,0.947,  13.465,   9.470,  12.114,   0.800,   0.052,   0.847,   0.159,   0.748,   0.767,   0.902,   0.795,   0.678
54,1,0.848,0.947,  13.465,  10.720,   7.114,   0.766,   0.147,   0.704,   0.444,   0.608,   0.707,   0.806,   0.695,   0.839
55,1,0.848,0.947,  13.465,  10.720,   8.364,   0.788,   0.129,   0.736,   0.514,   0.639,   0.718,   0.829,   0.719,   0.835
56,1,0.848,0.947,  13.465,  10.720,   9.614,   0.797,   0.107,   0.765,   0.504,   0.667,   0.725,   0.850,   0.738,   0.806
57,1,0.848,0.947,  13.465,  10.720,  10.864,   0.792,   0.082,   0.789,   0.405,   0.691,   0.731,   0.863,   0.747,   0.761
58,1,0.848,0.947,  13.465,  11.970,   7.114,   0.762,   0.179,   0.666,   0.524,   0.570,   0.671,   0.773,   0.705,   0.922
59,1,0.848,0.947,  13.465,  11.970,   8.364,   0.783,   0.154,   0.699,   0.632,   0.602,   0.687,   0.799,   0.712,   0.906
60,1,0.848,0.947,  13.465,  11.970,   9.614,   0.787,   0.123,   0.729,   0.626,   0.631,   0.697,   0.822,   0.710,   0.859
61,1,0.848,0.947,  13.465,  11.970,  10.864,   0.772,   0.089,   0.754,   0.495,   0.656,   0.702,   0.837,   0.697,   0.789
62,1,0.848,0.947,  13.465,  13.220,   8.364,   0.764,   0.169,   0.656,   0.729,   0.560,   0.645,   0.761,   0.688,   0.934
63,1,0.848,0.947,  13.465,  13.220,   9.614,   0.762,   0.131,   0.687,   0.715,   0.590,   0.658,   0.786,   0.667,   0.872
64,1,0.848,0.947,  14.715,  -0.530,  17.114,   0.938,   0.048,   0.995,   0.574,   0.962,   0.949,   0.990,   0.372,   0.406
65,1,0.848,0.947,  14.715,   0.720,  14.614,   0.962,   0.057,   0.983,   0.826,   0.942,   0.919,   0.981,   0.477,   0.388
66,1,0.848,0.947,  14.715,   0.720,  15.864,   0.977,   0.060,   0.993,   0.904,   0.950,   0.955,   0.985,   0.497,   0.429
67,1,0.848,0.947,  14.715,   0.720,  17.114,   0.971,   0.060,   1.000,   0.789,   0.952,   0.975,   0.993,   0.493,   0.451
68,1,0.848,0.947,  14.715,   0.720,  18.364,   0.941,   0.055,   0.996,   0.553,   0.943,   0.977,   0.994,   0.465,   0.449
69,1,0.848,0.947,  14.715,   1.970,  13.364,   0.934,   0.061,   0.970,   0.565,   0.914,   0.882,   0.982,   0.565,   0.376
70,1,0.848,0.947,  14.715,   1.970,  14.614,   0.973,   0.068,   0.983,   0.833,   0.928,   0.935,   0.982,   0.608,   0.435
71,1,0.848,0.947,  14.715,   1.970,  15.864,   0.991,   0.071,   0.993,   0.940,   0.936,   0.974,   0.984,   0.628,   0.481
72,1,0.848,0.947,  14.715,   1.970,  17.114,   0.984,   0.070,   0.999,   0.847,   0.936,   0.993,   0.991,   0.618,   0.501
73,1,0.848,0.947,  14.715,   1.970,  18.364,   0.951,   0.063,   0.994,   0.622,   0.926,   0.990,   0.991,   0.576,   0.492
74,1,0.848,0.947,  14.715,   1.970,  19.614,   0.902,   0.046,   0.981,   0.375,   0.907,   0.968,   0.987,   0.508,   0.455
75,1,0.848,0.947,  14.715,   3.220,  13.364,   0.935,   0.069,   0.965,   0.516,   0.896,   0.884,   0.978,   0.692,   0.431
76,1,0.848,0.947,  14.715,   3.220,  14.614,   0.973,   0.076,   0.978,   0.763,   0.910,   0.941,   0.978,   0.737,   0.494
77,1,0.848,0.947,  14.715,   3.220,  15.864,   0.990,   0.080,   0.988,   0.867,   0.917,   0.982,   0.980,   0.752,   0.539
78,1,0.848,0.947,  14.715,   3.220,  17.114,   0.982,   0.078,   0.992,   0.793,   0.917,   1.000,   0.985,   0.731,   0.555
79,1,0.848,0.947,  14.715,   3.220,  18.364,   0.948,   0.069,   0.986,   0.603,   0.905,   0.993,   0.984,   0.674,   0.537
80,1,0.848,0.947,  14.715,   3.220,  19.614,   0.897,   0.049,   0.971,   0.390,   0.884,   0.966,   0.980,   0.587,   0.488
81,1,0.848,0.947,  14.715,   3.220,  20.864,   0.847,   0.027,   0.956,   0.212,   0.862,   0.927,   0.980,   0.486,   0.418
82,1,0.848,0.947,  14.715,   4.470,  13.364,   0.933,   0.071,   0.957,   0.490,   0.876,   0.879,   0.976,   0.807,   0.500
83,1,0.848,0.947,  14.715,   4.470,  14.614,   0.967,   0.079,   0.971,   0.699,   0.891,   0.935,   0.976,   0.846,   0.560
84,1,0.848,0.947,  14.715,   4.470,  15.864,   0.981,   0.082,   0.980,   0.779,   0.898,   0.975,   0.977,   0.851,   0.600
85,1,0.848,0.947,  14.715,   4.470,  17.114,   0.971,   0.081,   0.983,   0.708,   0.896,   0.993,   0.980,   0.817,   0.609
86,1,0.848,0.947,  14.715,   4.470,  18.364,   0.937,   0.071,   0.975,   0.543,   0.883,   0.984,   0.978,   0.743,   0.580
87,1,0.848,0.947,  14.715,   4.470,  19.614,   0.885,   0.049,   0.960,   0.361,   0.861,   0.955,   0.973,   0.639,   0.518
88,1,0.848,0.947,  14.715,   5.720,  13.364,   0.918,   0.067,   0.941,   0.462,   0.850,   0.864,   0.964,   0.893,   0.577
89,1,0.848,0.947,  14.715,   5.720,  14.614,   0.948,   0.073,   0.955,   0.644,   0.865,   0.916,   0.963,   0.920,   0.627
90,1,0.848,0.947,  14.715,   5.720,  15.864,   0.958,   0.076,   0.962,   0.698,   0.872,   0.954,   0.964,   0.911,   0.656
91,1,0.848,0.947,  14.715,   5.720,  17.114,   0.945,   0.075,   0.964,   0.616,   0.869,   0.970,   0.966,   0.861,   0.652
92,1,0.848,0.947,  14.715,   5.720,  18.364,   0.909,   0.065,   0.955,   0.454,   0.856,   0.962,   0.964,   0.773,   0.611
93,1,0.848,0.947,  14.715,   6.970,   8.364,   0.764,   0.048,   0.812,   0.111,   0.714,   0.725,   0.898,   0.696,   0.527
94,1,0.848,0.947,  14.715,   6.970,   9.614,   0.789,   0.048,   0.841,   0.084,   0.743,   0.734,   0.914,   0.768,   0.550
95,1,0.848,0.947,  14.715,   6.970,  13.364,   0.889,   0.061,   0.917,   0.367,   0.820,   0.840,   0.944,   0.938,   0.652
96,1,0.848,0.947,  14.715,   6.970,  14.614,   0.913,   0.062,   0.930,   0.534,   0.834,   0.885,   0.944,   0.949,   0.683
97,1,0.848,0.947,  14.715,   6.970,  15.864,   0.918,   0.063,   0.936,   0.574,   0.840,   0.919,   0.945,   0.923,   0.694
98,1,0.848,0.947,  14.715,   6.970,  17.114,   0.902,   0.062,   0.936,   0.482,   0.837,   0.933,   0.945,   0.859,   0.674
99,1,0.848,0.947,  14.715,   8.220,   8.364,   0.780,   0.086,   0.784,   0.247,   0.683,   0.717,   0.874,   0.756,   0.666
100,1,0.848,0.947,  14.715,   8.220,   9.614,   0.802,   0.078,   0.814,   0.237,   0.713,   0.725,   0.891,   0.818,   0.678
101,1,0.848,0.947,  14.715,   8.220,  14.614,   0.863,   0.050,   0.900,   0.345,   0.801,   0.844,   0.923,   0.928,   0.717
102,1,0.848,0.947,  14.715,   8.220,  15.864,   0.864,   0.048,   0.906,   0.377,   0.806,   0.873,   0.923,   0.886,   0.705
103,1,0.848,0.947,  14.715,   9.470,   7.114,   0.765,   0.143,   0.720,   0.295,   0.619,   0.694,   0.823,   0.737,   0.783
104,1,0.848,0.947,  14.715,   9.470,   8.364,   0.790,   0.127,   0.752,   0.360,   0.650,   0.701,   0.845,   0.788,   0.798
105,1,0.848,0.947,  14.715,   9.470,   9.614,   0.808,   0.109,   0.782,   0.377,   0.680,   0.709,   0.864,   0.834,   0.795
106,1,0.848,0.947,  14.715,   9.470,  10.864,   0.813,   0.091,   0.809,   0.315,   0.707,   0.722,   0.876,   0.871,   0.782
107,1,0.848,0.947,  14.715,  10.720,   7.114,   0.766,   0.189,   0.680,   0.344,   0.579,   0.662,   0.785,   0.755,   0.896
108,1,0.848,0.947,  14.715,  10.720,   8.364,   0.790,   0.166,   0.713,   0.446,   0.612,   0.673,   0.810,   0.791,   0.903
109,1,0.848,0.947,  14.715,  10.720,   9.614,   0.802,   0.137,   0.745,   0.480,   0.643,   0.683,   0.831,   0.819,   0.883
110,1,0.848,0.947,  14.715,  10.720,  10.864,   0.798,   0.106,   0.771,   0.417,   0.670,   0.693,   0.845,   0.834,   0.844
111,1,0.848,0.947,  14.715,  10.720,  12.114,   0.784,   0.072,   0.796,   0.270,   0.695,   0.707,   0.861,   0.832,   0.795
112,1,0.848,0.947,  14.715,  11.970,   7.114,   0.759,   0.229,   0.638,   0.400,   0.538,   0.618,   0.747,   0.750,   0.967
113,1,0.848,0.947,  14.715,  11.970,   8.364,   0.780,   0.196,   0.673,   0.525,   0.572,   0.635,   0.774,   0.770,   0.964
114,1,0.848,0.947,  14.715,  11.970,   9.614,   0.785,   0.157,   0.704,   0.560,   0.604,   0.648,   0.798,   0.778,   0.927
115,1,0.848,0.947,  14.715,  11.970,  10.864,   0.772,   0.114,   0.731,   0.475,   0.631,   0.658,   0.815,   0.771,   0.865
116,1,0.848,0.947,  14.715,  13.220,   8.364,   0.757,   0.217,   0.626,   0.597,   0.527,   0.588,   0.731,   0.729,   0.976
117,1,0.848,0.947,  15.965,  -0.530,  14.614,   0.950,   0.047,   0.976,   0.813,   0.953,   0.905,   0.986,   0.352,   0.337
118,1,0.848,0.947,  15.965,  -0.530,  15.864,   0.956,   0.049,   0.984,   0.801,   0.959,   0.933,   0.990,   0.367,   0.365
119,1,0.848,0.947,  15.965,  -0.530,  17.114,   0.944,   0.049,   0.990,   0.628,   0.959,   0.948,   0.998,   0.365,   0.379
120,1,0.848,0.947,  15.965,   0.720,  13.364,   0.945,   0.055,   0.970,   0.729,   0.931,   0.881,   0.990,   0.444,   0.330
121,1,0.848,0.947,  15.965,   0.720,  14.614,   0.979,   0.061,   0.982,   0.958,   0.944,   0.924,   0.991,   0.477,   0.374
122,1,0.848,0.947,  15.965,   0.720,  15.864,   0.989,   0.063,   0.990,   0.995,   0.950,   0.955,   0.993,   0.493,   0.408
123,1,0.848,0.947,  15.965,   0.720,  17.114,   0.974,   0.063,   0.995,   0.823,   0.948,   0.969,   1.000,   0.486,   0.422
124,1,0.848,0.947,  15.965,   0.720,  18.364,   0.937,   0.057,   0.989,   0.546,   0.935,   0.965,   0.999,   0.454,   0.414
125,1,0.848,0.947,  15.965,   1.970,  13.364,   0.951,   0.065,   0.969,   0.686,   0.915,   0.886,   0.990,   0.577,   0.374
126,1,0.848,0.947,  15.965,   1.970,  14.614,   0.988,   0.072,   0.982,   0.938,   0.929,   0.935,   0.990,   0.615,   0.424
127,1,0.848,0.947,  15.965,   1.970,  15.864,   1.000,   0.075,   0.990,   1.000,   0.935,   0.969,   0.991,   0.629,   0.460
128,1,0.848,0.947,  15.965,   1.970,  17.114,   0.985,   0.075,   0.993,   0.850,   0.932,   0.982,   0.996,   0.614,   0.473
129,1,0.848,0.947,  15.965,   1.970,  18.364,   0.944,   0.066,   0.986,   0.582,   0.918,   0.974,   0.994,   0.567,   0.458
130,1,0.848,0.947,  15.965,   1.970,  19.614,   0.890,   0.046,   0.970,   0.323,   0.895,   0.948,   0.988,   0.495,   0.418
131,1,0.848,0.947,  15.965,   3.220,  14.614,   0.986,   0.082,   0.976,   0.843,   0.910,   0.935,   0.984,   0.752,   0.489
132,1,0.848,0.947,  15.965,   3.220,  15.864,   0.997,   0.085,   0.984,   0.898,   0.915,   0.971,   0.985,   0.760,   0.525
133,1,0.848,0.947,  15.965,   3.220,  17.114,   0.981,   0.084,   0.986,   0.765,   0.911,   0.984,   0.988,   0.731,   0.532
134,1,0.848,0.947,  15.965,   3.220,  18.364,   0.939,   0.073,   0.977,   0.533,   0.896,   0.972,   0.986,   0.668,   0.508
135,1,0.848,0.947,  15.965,   3.220,  19.614,   0.883,   0.050,   0.961,   0.309,   0.871,   0.942,   0.980,   0.576,   0.456
136,1,0.848,0.947,  15.965,   4.470,  13.364,   0.947,   0.079,   0.954,   0.577,   0.874,   0.872,   0.979,   0.839,   0.516
137,1,0.848,0.947,  15.965,   4.470,  14.614,   0.979,   0.086,   0.967,   0.767,   0.888,   0.924,   0.979,   0.870,   0.566
138,1,0.848,0.947,  15.965,   4.470,  15.864,   0.987,   0.090,   0.975,   0.795,   0.894,   0.960,   0.980,   0.867,   0.597
139,1,0.848,0.947,  15.965,   4.470,  17.114,   0.968,   0.088,   0.976,   0.661,   0.889,   0.972,   0.981,   0.823,   0.596
140,1,0.848,0.947,  15.965,   5.720,   8.364,   0.761,   0.032,   0.827,   0.030,   0.731,   0.712,   0.918,   0.676,   0.458
141,1,0.848,0.947,  15.965,   5.720,   9.614,   0.790,   0.037,   0.856,   0.010,   0.762,   0.724,   0.933,   0.750,   0.482
142,1,0.848,0.947,  15.965,   5.720,  12.114,   0.887,   0.067,   0.913,   0.307,   0.822,   0.798,   0.957,   0.888,   0.559
143,1,0.848,0.947,  15.965,   5.720,  13.364,   0.932,   0.077,   0.935,   0.544,   0.845,   0.851,   0.963,   0.935,   0.608
144,1,0.848,0.947,  15.965,   5.720,  14.614,   0.960,   0.083,   0.948,   0.710,   0.860,   0.900,   0.963,   0.954,   0.648
145,1,0.848,0.947,  15.965,   5.720,  15.864,   0.963,   0.085,   0.955,   0.715,   0.865,   0.934,   0.963,   0.935,   0.667
146,1,0.848,0.947,  15.965,   5.720,  17.114,   0.942,   0.084,   0.955,   0.570,   0.860,   0.946,   0.964,   0.876,   0.653
147,1,0.848,0.947,  15.965,   6.970,   8.364,   0.770,   0.064,   0.798,   0.129,   0.698,   0.701,   0.891,   0.762,   0.591
148,1,0.848,0.947,  15.965,   6.970,   9.614,   0.796,   0.063,   0.829,   0.096,   0.730,   0.711,   0.908,   0.833,   0.611
149,1,0.848,0.947,  15.965,   6.970,  10.864,   0.818,   0.069,   0.858,   0.010,   0.760,   0.735,   0.919,   0.900,   0.636
150,1,0.848,0.947,  15.965,   6.970,  12.114,   0.863,   0.073,   0.886,   0.207,   0.789,   0.774,   0.933,   0.954,   0.666
151,1,0.848,0.947,  15.965,   6.970,  13.364,   0.902,   0.074,   0.908,   0.442,   0.812,   0.820,   0.939,   0.987,   0.698
152,1,0.848,0.947,  15.965,   6.970,  14.614,   0.924,   0.075,   0.921,   0.602,   0.826,   0.864,   0.940,   0.990,   0.721
153,1,0.848,0.947,  15.965,   6.970,  15.864,   0.924,   0.075,   0.927,   0.603,   0.831,   0.896,   0.941,   0.956,   0.722
154,1,0.848,0.947,  15.965,   6.970,  17.114,   0.901,   0.072,   0.926,   0.461,   0.826,   0.907,   0.941,   0.882,   0.692
155,1,0.848,0.947,  15.965,   6.970,  18.364,   0.857,   0.059,   0.917,   0.265,   0.811,   0.898,   0.938,   0.776,   0.630
156,1,0.848,0.947,  15.965,   8.220,   7.114,   0.757,   0.123,   0.733,   0.192,   0.630,   0.680,   0.839,   0.755,   0.710
157,1,0.848,0.947,  15.965,   8.220,   8.364,   0.784,   0.110,   0.766,   0.235,   0.663,   0.682,   0.861,   0.820,   0.731
158,1,0.848,0.947,  15.965,   8.220,   9.614,   0.807,   0.100,   0.798,   0.233,   0.695,   0.692,   0.879,   0.883,   0.744
159,1,0.848,0.947,  15.965,   8.220,  10.864,   0.820,   0.092,   0.826,   0.148,   0.725,   0.712,   0.892,   0.937,   0.753
160,1,0.848,0.947,  15.965,   8.220,  12.114,   0.828,   0.082,   0.854,   0.032,   0.754,   0.744,   0.907,   0.975,   0.763
161,1,0.848,0.947,  15.965,   8.220,  13.364,   0.857,   0.072,   0.875,   0.252,   0.776,   0.782,   0.914,   0.991,   0.770
162,1,0.848,0.947,  15.965,   8.220,  14.614,   0.872,   0.065,   0.888,   0.406,   0.790,   0.819,   0.915,   0.976,   0.769
163,1,0.848,0.947,  15.965,   8.220,  15.864,   0.870,   0.061,   0.894,   0.419,   0.795,   0.847,   0.916,   0.926,   0.748
164,1,0.848,0.947,  15.965,   8.220,  17.114,   0.847,   0.057,   0.893,   0.306,   0.790,   0.859,   0.916,   0.842,   0.701
165,1,0.848,0.947,  15.965,   9.470,   7.114,   0.765,   0.180,   0.695,   0.226,   0.592,   0.648,   0.803,   0.788,   0.838
166,1,0.848,0.947,  15.965,   9.470,   8.364,   0.792,   0.160,   0.729,   0.313,   0.625,   0.654,   0.827,   0.844,   0.857
167,1,0.848,0.947,  15.965,   9.470,   9.614,   0.810,   0.138,   0.761,   0.348,   0.658,   0.665,   0.847,   0.894,   0.859
168,1,0.848,0.947,  15.965,   9.470,  10.864,   0.816,   0.115,   0.790,   0.295,   0.688,   0.682,   0.860,   0.931,   0.849
169,1,0.848,0.947,  15.965,   9.470,  12.114,   0.810,   0.090,   0.817,   0.145,   0.716,   0.707,   0.876,   0.951,   0.832
170,1,0.848,0.947,  15.965,  10.720,   7.114,   0.764,   0.236,   0.651,   0.246,   0.548,   0.605,   0.761,   0.792,   0.935
171,1,0.848,0.947,  15.965,  10.720,   8.364,   0.788,   0.207,   0.686,   0.365,   0.583,   0.617,   0.787,   0.836,   0.950
172,1,0.848,0.947,  15.965,  10.720,   9.614,   0.800,   0.172,   0.719,   0.424,   0.617,   0.630,   0.809,   0.870,   0.938
173,1,0.848,0.947,  15.965,  10.720,  10.864,   0.798,   0.133,   0.748,   0.387,   0.647,   0.646,   0.825,   0.888,   0.906
174,1,0.848,0.947,  15.965,  11.970,   8.364,   0.775,   0.244,   0.641,   0.418,   0.540,   0.573,   0.746,   0.800,   0.994
175,1,0.848,0.947,  15.965,  11.970,   9.614,   0.779,   0.196,   0.675,   0.477,   0.574,   0.590,   0.770,   0.817,   0.969
176,1,0.848,0.947,  15.965,  11.970,  10.864,   0.768,   0.145,   0.704,   0.432,   0.604,   0.606,   0.789,   0.817,   0.917
177,1,0.848,0.947,  17.215,  -1.780,  14.614,   0.905,   0.030,   0.964,   0.477,   0.957,   0.879,   0.991,   0.238,   0.290
178,1,0.848,0.947,  17.215,  -0.530,  13.364,   0.921,   0.041,   0.960,   0.617,   0.940,   0.864,   0.991,   0.314,   0.288
179,1,0.848,0.947,  17.215,  -0.530,  14.614,   0.941,   0.045,   0.969,   0.737,   0.950,   0.895,   0.992,   0.336,   0.315
180,1,0.848,0.947,  17.215,  -0.530,  15.864,   0.942,   0.047,   0.976,   0.691,   0.954,   0.917,   0.994,   0.347,   0.334
181,1,0.848,0.947,  17.215,   0.720,  13.364,   0.938,   0.054,   0.962,   0.685,   0.928,   0.868,   0.993,   0.430,   0.316
182,1,0.848,0.947,  17.215,   0.720,  14.614,   0.965,   0.059,   0.973,   0.861,   0.939,   0.905,   0.993,   0.457,   0.349
183,1,0.848,0.947,  17.215,   0.720,  15.864,   0.969,   0.060,   0.980,   0.848,   0.943,   0.930,   0.995,   0.467,   0.371
184,1,0.848,0.947,  17.215,   0.720,  17.114,   0.950,   0.061,   0.983,   0.651,   0.938,   0.939,   1.000,   0.456,   0.376
185,1,0.848,0.947,  17.215,   1.970,  12.114,   0.897,   0.053,   0.940,   0.388,   0.889,   0.819,   0.984,   0.521,   0.320
186,1,0.848,0.947,  17.215,   1.970,  13.364,   0.942,   0.064,   0.958,   0.652,   0.910,   0.867,   0.988,   0.563,   0.361
187,1,0.848,0.947,  17.215,   1.970,  14.614,   0.972,   0.070,   0.970,   0.842,   0.922,   0.908,   0.988,   0.592,   0.397
188,1,0.848,0.947,  17.215,   1.970,  15.864,   0.976,   0.072,   0.977,   0.846,   0.926,   0.935,   0.989,   0.598,   0.421
189,1,0.848,0.947,  17.215,   1.970,  17.114,   0.957,   0.072,   0.979,   0.664,   0.920,   0.944,   0.993,   0.577,   0.424
190,1,0.848,0.947,  17.215,   1.970,  18.364,   0.915,   0.063,   0.970,   0.402,   0.904,   0.933,   0.991,   0.528,   0.405
191,1,0.848,0.947,  17.215,   3.220,  12.114,   0.896,   0.062,   0.931,   0.355,   0.866,   0.808,   0.976,   0.657,   0.384
192,1,0.848,0.947,  17.215,   3.220,  13.364,   0.942,   0.073,   0.950,   0.597,   0.888,   0.858,   0.980,   0.702,   0.427
193,1,0.848,0.947,  17.215,   3.220,  14.614,   0.969,   0.079,   0.963,   0.765,   0.901,   0.903,   0.980,   0.729,   0.465
194,1,0.848,0.947,  17.215,   3.220,  15.864,   0.972,   0.082,   0.970,   0.761,   0.905,   0.931,   0.980,   0.727,   0.487
195,1,0.848,0.947,  17.215,   3.220,  17.114,   0.951,   0.081,   0.970,   0.590,   0.898,   0.938,   0.983,   0.692,   0.485
196,1,0.848,0.947,  17.215,   3.220,  18.364,   0.907,   0.069,   0.961,   0.351,   0.880,   0.926,   0.980,   0.626,   0.457
197,1,0.848,0.947,  17.215,   4.470,  12.114,   0.894,   0.067,   0.918,   0.351,   0.842,   0.792,   0.966,   0.788,   0.475
198,1,0.848,0.947,  17.215,   4.470,  13.364,   0.938,   0.078,   0.939,   0.575,   0.864,   0.842,   0.971,   0.830,   0.516
199,1,0.848,0.947,  17.215,   4.470,  14.614,   0.963,   0.084,   0.952,   0.713,   0.878,   0.887,   0.971,   0.849,   0.550
200,1,0.848,0.947,  17.215,   4.470,  15.864,   0.963,   0.087,   0.958,   0.682,   0.881,   0.916,   0.971,   0.836,   0.567
201,1,0.848,0.947,  17.215,   4.470,  17.114,   0.938,   0.085,   0.958,   0.504,   0.874,   0.923,   0.972,   0.785,   0.556
202,1,0.848,0.947,  17.215,   5.720,  12.114,   0.883,   0.073,   0.895,   0.334,   0.810,   0.769,   0.944,   0.896,   0.585
203,1,0.848,0.947,  17.215,   5.720,  13.364,   0.924,   0.080,   0.916,   0.555,   0.833,   0.817,   0.949,   0.931,   0.619
204,1,0.848,0.947,  17.215,   5.720,  14.614,   0.945,   0.084,   0.929,   0.676,   0.847,   0.860,   0.949,   0.938,   0.645
205,1,0.848,0.947,  17.215,   5.720,  15.864,   0.941,   0.085,   0.936,   0.626,   0.850,   0.889,   0.950,   0.910,   0.650
206,1,0.848,0.947,  17.215,   6.970,   8.364,   0.774,   0.089,   0.777,   0.141,   0.680,   0.669,   0.873,   0.802,   0.655
207,1,0.848,0.947,  17.215,   6.970,   9.614,   0.797,   0.085,   0.808,   0.095,   0.713,   0.679,   0.889,   0.865,   0.667
208,1,0.848,0.947,  17.215,   6.970,  12.114,   0.861,   0.085,   0.865,   0.245,   0.775,   0.740,   0.915,   0.967,   0.702
209,1,0.848,0.947,  17.215,   6.970,  13.364,   0.895,   0.082,   0.886,   0.465,   0.797,   0.783,   0.921,   0.990,   0.722
210,1,0.848,0.947,  17.215,   6.970,  14.614,   0.912,   0.081,   0.900,   0.587,   0.811,   0.823,   0.923,   0.983,   0.732
211,1,0.848,0.947,  17.215,   6.970,  15.864,   0.906,   0.079,   0.907,   0.543,   0.815,   0.851,   0.924,   0.941,   0.722
212,1,0.848,0.947,  17.215,   6.970,  17.114,   0.877,   0.073,   0.905,   0.367,   0.808,   0.860,   0.925,   0.862,   0.683
213,1,0.848,0.947,  17.215,   8.220,   7.114,   0.757,   0.156,   0.707,   0.154,   0.606,   0.637,   0.815,   0.792,   0.774
214,1,0.848,0.947,  17.215,   8.220,   8.364,   0.783,   0.141,   0.740,   0.202,   0.641,   0.639,   0.837,   0.854,   0.789
215,1,0.848,0.947,  17.215,   8.220,   9.614,   0.804,   0.127,   0.772,   0.193,   0.675,   0.649,   0.856,   0.912,   0.798
216,1,0.848,0.947,  17.215,   8.220,  10.864,   0.813,   0.114,   0.801,   0.096,   0.706,   0.671,   0.868,   0.960,   0.803
217,1,0.848,0.947,  17.215,   8.220,  12.114,   0.827,   0.099,   0.830,   0.085,   0.736,   0.704,   0.884,   0.992,   0.807
218,1,0.848,0.947,  17.215,   8.220,  13.364,   0.852,   0.085,   0.851,   0.285,   0.758,   0.742,   0.891,   1.000,   0.807
219,1,0.848,0.947,  17.215,   8.220,  14.614,   0.863,   0.075,   0.864,   0.407,   0.772,   0.778,   0.894,   0.978,   0.796
220,1,0.848,0.947,  17.215,   8.220,  15.864,   0.855,   0.068,   0.872,   0.390,   0.777,   0.804,   0.896,   0.923,   0.765
221,1,0.848,0.947,  17.215,   8.220,  17.114,   0.829,   0.061,   0.871,   0.260,   0.771,   0.815,   0.896,   0.836,   0.710
222,1,0.848,0.947,  17.215,   9.470,   7.114,   0.760,   0.221,   0.664,   0.150,   0.563,   0.593,   0.774,   0.813,   0.885
223,1,0.848,0.947,  17.215,   9.470,   8.364,   0.786,   0.198,   0.699,   0.235,   0.598,   0.600,   0.798,   0.869,   0.903
224,1,0.848,0.947,  17.215,   9.470,   9.614,   0.802,   0.171,   0.731,   0.269,   0.633,   0.613,   0.818,   0.918,   0.906
225,1,0.848,0.947,  17.215,   9.470,  10.864,   0.805,   0.141,   0.761,   0.219,   0.664,   0.634,   0.832,   0.953,   0.896
226,1,0.848,0.947,  17.215,   9.470,  12.114,   0.798,   0.111,   0.789,   0.086,   0.694,   0.663,   0.849,   0.969,   0.879
227,1,0.848,0.947,  17.215,   9.470,  13.364,   0.797,   0.086,   0.810,   0.074,   0.716,   0.695,   0.858,   0.962,   0.855
228,1,0.848,0.947,  17.215,   9.470,  14.614,   0.801,   0.068,   0.824,   0.181,   0.729,   0.726,   0.861,   0.926,   0.820
229,1,0.848,0.947,  17.215,   9.470,  15.864,   0.793,   0.056,   0.832,   0.191,   0.735,   0.750,   0.865,   0.861,   0.770
230,1,0.848,0.947,  17.215,  10.720,   8.364,   0.777,   0.249,   0.651,   0.256,   0.551,   0.554,   0.753,   0.849,   0.977
231,1,0.848,0.947,  17.215,  10.720,   9.614,   0.787,   0.208,   0.685,   0.318,   0.587,   0.571,   0.776,   0.886,   0.971
232,1,0.848,0.947,  17.215,  10.720,  10.864,   0.784,   0.163,   0.716,   0.301,   0.619,   0.593,   0.793,   0.907,   0.946
233,1,0.848,0.947,  17.215,  10.720,  12.114,   0.772,   0.119,   0.744,   0.211,   0.648,   0.618,   0.811,   0.907,   0.907
234,1,0.848,0.947,  17.215,  11.970,   8.364,   0.760,   0.290,   0.603,   0.290,   0.504,   0.505,   0.708,   0.801,   1.000
235,1,0.848,0.947,  17.215,  11.970,   9.614,   0.763,   0.235,   0.638,   0.358,   0.540,   0.527,   0.733,   0.825,   0.985
236,1,0.848,0.947,  18.465,  -0.530,  14.614,   0.911,   0.040,   0.959,   0.482,   0.944,   0.866,   0.994,   0.310,   0.290
237,1,0.848,0.947,  18.465,  -0.530,  15.864,   0.909,   0.041,   0.965,   0.425,   0.945,   0.884,   0.995,   0.318,   0.298
238,1,0.848,0.947,  18.465,   0.720,  14.614,   0.927,   0.052,   0.960,   0.569,   0.930,   0.866,   0.992,   0.420,   0.317
239,1,0.848,0.947,  18.465,   0.720,  15.864,   0.926,   0.053,   0.965,   0.531,   0.932,   0.885,   0.992,   0.424,   0.327
240,1,0.848,0.947,  18.465,   0.720,  17.114,   0.908,   0.053,   0.966,   0.365,   0.925,   0.892,   0.996,   0.410,   0.323
241,1,0.848,0.947,  18.465,   1.970,  12.114,   0.880,   0.051,   0.927,   0.295,   0.882,   0.790,   0.980,   0.495,   0.316
242,1,0.848,0.947,  18.465,   1.970,  13.364,   0.913,   0.058,   0.943,   0.466,   0.901,   0.828,   0.983,   0.526,   0.341
243,1,0.848,0.947,  18.465,   1.970,  14.614,   0.932,   0.062,   0.954,   0.576,   0.911,   0.860,   0.982,   0.544,   0.362
244,1,0.848,0.947,  18.465,   1.970,  15.864,   0.931,   0.063,   0.959,   0.547,   0.913,   0.881,   0.982,   0.543,   0.372
245,1,0.848,0.947,  18.465,   1.970,  17.114,   0.911,   0.063,   0.960,   0.386,   0.905,   0.886,   0.985,   0.517,   0.366
246,1,0.848,0.947,  18.465,   3.220,  10.864,   0.838,   0.049,   0.889,   0.144,   0.830,   0.738,   0.956,   0.588,   0.364
247,1,0.848,0.947,  18.465,   3.220,  12.114,   0.880,   0.060,   0.914,   0.296,   0.858,   0.775,   0.967,   0.628,   0.384
248,1,0.848,0.947,  18.465,   3.220,  13.364,   0.913,   0.067,   0.932,   0.463,   0.878,   0.814,   0.970,   0.658,   0.409
249,1,0.848,0.947,  18.465,   3.220,  14.614,   0.931,   0.070,   0.944,   0.561,   0.889,   0.849,   0.970,   0.672,   0.430
250,1,0.848,0.947,  18.465,   3.220,  15.864,   0.929,   0.072,   0.949,   0.522,   0.890,   0.870,   0.970,   0.662,   0.437
251,1,0.848,0.947,  18.465,   3.220,  17.114,   0.906,   0.071,   0.949,   0.358,   0.882,   0.874,   0.972,   0.623,   0.426
252,1,0.848,0.947,  18.465,   4.470,  12.114,   0.879,   0.068,   0.898,   0.314,   0.831,   0.755,   0.952,   0.756,   0.480
253,1,0.848,0.947,  18.465,   4.470,  13.364,   0.912,   0.073,   0.917,   0.484,   0.852,   0.795,   0.956,   0.783,   0.503
254,1,0.848,0.947,  18.465,   4.470,  14.614,   0.928,   0.076,   0.930,   0.564,   0.863,   0.830,   0.957,   0.789,   0.520
255,1,0.848,0.947,  18.465,   4.470,  15.864,   0.922,   0.077,   0.936,   0.500,   0.865,   0.852,   0.957,   0.767,   0.521
256,1,0.848,0.947,  18.465,   4.470,  17.114,   0.896,   0.075,   0.934,   0.319,   0.856,   0.856,   0.958,   0.715,   0.502
257,1,0.848,0.947,  18.465,   5.720,   8.364,   0.772,   0.074,   0.787,   0.100,   0.704,   0.664,   0.886,   0.729,   0.582
258,1,0.848,0.947,  18.465,   5.720,  12.114,   0.868,   0.078,   0.871,   0.314,   0.797,   0.729,   0.924,   0.864,   0.598
259,1,0.848,0.947,  18.465,   5.720,  13.364,   0.899,   0.079,   0.891,   0.493,   0.818,   0.768,   0.930,   0.885,   0.614
260,1,0.848,0.947,  18.465,   5.720,  14.614,   0.913,   0.080,   0.904,   0.565,   0.830,   0.803,   0.931,   0.881,   0.623
261,1,0.848,0.947,  18.465,   5.720,  15.864,   0.904,   0.079,   0.911,   0.483,   0.833,   0.826,   0.932,   0.846,   0.615
262,1,0.848,0.947,  18.465,   6.970,   8.364,   0.775,   0.120,   0.749,   0.139,   0.662,   0.631,   0.846,   0.810,   0.714
263,1,0.848,0.947,  18.465,   6.970,  12.114,   0.849,   0.097,   0.837,   0.252,   0.758,   0.696,   0.890,   0.938,   0.721
264,1,0.848,0.947,  18.465,   6.970,  13.364,   0.875,   0.089,   0.858,   0.433,   0.780,   0.734,   0.897,   0.949,   0.727
265,1,0.848,0.947,  18.465,   6.970,  14.614,   0.885,   0.083,   0.872,   0.508,   0.793,   0.769,   0.900,   0.934,   0.723
266,1,0.848,0.947,  18.465,   6.970,  15.864,   0.874,   0.078,   0.880,   0.433,   0.796,   0.792,   0.903,   0.887,   0.701
267,1,0.848,0.947,  18.465,   8.220,   8.364,   0.778,   0.178,   0.707,   0.154,   0.617,   0.590,   0.804,   0.856,   0.838
268,1,0.848,0.947,  18.465,   8.220,   9.614,   0.795,   0.161,   0.739,   0.130,   0.652,   0.602,   0.823,   0.905,   0.838
269,1,0.848,0.947,  18.465,   8.220,  12.114,   0.820,   0.118,   0.798,   0.132,   0.715,   0.657,   0.853,   0.967,   0.830
270,1,0.848,0.947,  18.465,   8.220,  13.364,   0.837,   0.099,   0.820,   0.289,   0.738,   0.694,   0.862,   0.968,   0.821
271,1,0.848,0.947,  18.465,   8.220,  14.614,   0.842,   0.085,   0.835,   0.364,   0.752,   0.727,   0.866,   0.941,   0.800
272,1,0.848,0.947,  18.465,   8.220,  15.864,   0.830,   0.073,   0.843,   0.318,   0.756,   0.751,   0.870,   0.884,   0.762
273,1,0.848,0.947,  18.465,   8.220,  17.114,   0.801,   0.062,   0.843,   0.184,   0.751,   0.761,   0.872,   0.799,   0.702
274,1,0.848,0.947,  18.465,   9.470,   8.364,   0.774,   0.239,   0.661,   0.144,   0.569,   0.542,   0.759,   0.862,   0.933
275,1,0.848,0.947,  18.465,   9.470,   9.614,   0.787,   0.208,   0.694,   0.159,   0.605,   0.557,   0.780,   0.906,   0.933
276,1,0.848,0.947,  18.465,   9.470,  10.864,   0.787,   0.172,   0.725,   0.110,   0.639,   0.582,   0.795,   0.937,   0.922
277,1,0.848,0.947,  18.465,   9.470,  12.114,   0.780,   0.135,   0.754,   0.007,   0.669,   0.613,   0.813,   0.950,   0.903
278,1,0.848,0.947,  18.465,   9.470,  13.364,   0.786,   0.105,   0.777,   0.104,   0.693,   0.648,   0.824,   0.940,   0.876
279,1,0.848,0.947,  18.465,   9.470,  14.614,   0.785,   0.083,   0.792,   0.166,   0.707,   0.679,   0.830,   0.904,   0.838
280,1,0.848,0.947,  18.465,   9.470,  15.864,   0.773,   0.066,   0.802,   0.153,   0.713,   0.703,   0.836,   0.840,   0.783
281,1,0.848,0.947,  18.465,  10.720,   8.364,   0.759,   0.294,   0.610,   0.134,   0.518,   0.489,   0.710,   0.832,   0.984
282,1,0.848,0.947,  18.465,  10.720,   9.614,   0.767,   0.247,   0.645,   0.180,   0.555,   0.510,   0.733,   0.869,   0.981
283,1,0.848,0.947,  18.465,  10.720,  10.864,   0.762,   0.195,   0.676,   0.173,   0.589,   0.537,   0.751,   0.891,   0.961
284,1,0.848,0.947,  19.715,   0.720,  15.864,   0.872,   0.040,   0.941,   0.204,   0.915,   0.831,   0.978,   0.375,   0.286
285,1,0.848,0.947,  19.715,   1.970,  15.864,   0.873,   0.047,   0.933,   0.237,   0.894,   0.817,   0.966,   0.476,   0.325
286,1,0.848,0.947,  19.715,   3.220,  12.114,   0.851,   0.056,   0.890,   0.186,   0.845,   0.732,   0.949,   0.578,   0.380
287,1,0.848,0.947,  19.715,   3.220,  13.364,   0.870,   0.055,   0.906,   0.269,   0.862,   0.760,   0.952,   0.595,   0.387
288,1,0.848,0.947,  19.715,   3.220,  14.614,   0.879,   0.055,   0.917,   0.310,   0.871,   0.784,   0.953,   0.597,   0.392
289,1,0.848,0.947,  19.715,   3.220,  15.864,   0.873,   0.054,   0.922,   0.270,   0.871,   0.800,   0.953,   0.581,   0.387
290,1,0.848,0.947,  19.715,   3.220,  17.114,   0.855,   0.053,   0.921,   0.156,   0.862,   0.805,   0.955,   0.543,   0.369
291,1,0.848,0.947,  19.715,   4.470,   8.364,   0.773,   0.070,   0.796,   0.049,   0.730,   0.665,   0.897,   0.618,   0.512
292,1,0.848,0.947,  19.715,   4.470,  12.114,   0.852,   0.067,   0.871,   0.225,   0.817,   0.710,   0.931,   0.698,   0.478
293,1,0.848,0.947,  19.715,   4.470,  13.364,   0.871,   0.064,   0.889,   0.329,   0.836,   0.739,   0.935,   0.711,   0.482
294,1,0.848,0.947,  19.715,   4.470,  14.614,   0.879,   0.062,   0.901,   0.367,   0.845,   0.764,   0.936,   0.707,   0.483
295,1,0.848,0.947,  19.715,   4.470,  15.864,   0.871,   0.061,   0.906,   0.305,   0.845,   0.780,   0.937,   0.679,   0.473
296,1,0.848,0.947,  19.715,   5.720,   8.364,   0.774,   0.106,   0.761,   0.096,   0.690,   0.634,   0.860,   0.719,   0.635
297,1,0.848,0.947,  19.715,   5.720,   9.614,   0.791,   0.100,   0.789,   0.031,   0.723,   0.639,   0.875,   0.752,   0.615
298,1,0.848,0.947,  19.715,   5.720,  10.864,   0.815,   0.094,   0.815,   0.092,   0.753,   0.655,   0.886,   0.781,   0.602
299,1,0.848,0.947,  19.715,   5.720,  12.114,   0.844,   0.084,   0.841,   0.243,   0.781,   0.682,   0.899,   0.803,   0.598
300,1,0.848,0.947,  19.715,   5.720,  13.364,   0.863,   0.076,   0.861,   0.368,   0.801,   0.712,   0.905,   0.810,   0.597
301,1,0.848,0.947,  19.715,   5.720,  14.614,   0.869,   0.071,   0.873,   0.404,   0.812,   0.739,   0.907,   0.797,   0.591
302,1,0.848,0.947,  19.715,   5.720,  15.864,   0.857,   0.067,   0.880,   0.324,   0.813,   0.756,   0.909,   0.759,   0.572
303,1,0.848,0.947,  19.715,   6.970,   8.364,   0.776,   0.158,   0.718,   0.119,   0.644,   0.592,   0.816,   0.792,   0.760
304,1,0.848,0.947,  19.715,   6.970,  12.114,   0.831,   0.111,   0.805,   0.217,   0.740,   0.647,   0.861,   0.877,   0.723
305,1,0.848,0.947,  19.715,   6.970,  13.364,   0.846,   0.094,   0.826,   0.346,   0.762,   0.679,   0.869,   0.879,   0.716
306,1,0.848,0.947,  19.715,   6.970,  14.614,   0.848,   0.083,   0.840,   0.383,   0.774,   0.708,   0.873,   0.857,   0.700
307,1,0.848,0.947,  19.715,   6.970,  15.864,   0.834,   0.073,   0.849,   0.303,   0.776,   0.727,   0.878,   0.810,   0.669
308,1,0.848,0.947,  19.715,   8.220,   8.364,   0.774,   0.222,   0.671,   0.110,   0.594,   0.541,   0.768,   0.829,   0.869
309,1,0.848,0.947,  19.715,   8.220,   9.614,   0.787,   0.200,   0.704,   0.072,   0.630,   0.553,   0.787,   0.867,   0.858
310,1,0.848,0.947,  19.715,   8.220,  10.864,   0.792,   0.172,   0.733,   0.022,   0.664,   0.575,   0.802,   0.896,   0.846
311,1,0.848,0.947,  19.715,   8.220,  12.114,   0.808,   0.141,   0.763,   0.148,   0.695,   0.607,   0.820,   0.911,   0.832
312,1,0.848,0.947,  19.715,   8.220,  13.364,   0.817,   0.114,   0.786,   0.254,   0.718,   0.641,   0.830,   0.907,   0.815
313,1,0.848,0.947,  19.715,   8.220,  14.614,   0.815,   0.094,   0.802,   0.288,   0.732,   0.671,   0.837,   0.878,   0.788
314,1,0.848,0.947,  19.715,   8.220,  15.864,   0.799,   0.077,   0.812,   0.229,   0.736,   0.693,   0.843,   0.824,   0.744
315,1,0.848,0.947,  19.715,   8.220,  17.114,   0.771,   0.062,   0.814,   0.107,   0.731,   0.704,   0.847,   0.746,   0.684
316,1,0.848,0.947,  19.715,   9.470,   8.364,   0.765,   0.287,   0.621,   0.075,   0.541,   0.484,   0.719,   0.827,   0.943
317,1,0.848,0.947,  19.715,   9.470,   9.614,   0.774,   0.251,   0.655,   0.065,   0.579,   0.502,   0.740,   0.865,   0.937
318,1,0.848,0.947,  19.715,   9.470,  10.864,   0.771,   0.208,   0.686,   0.015,   0.614,   0.529,   0.758,   0.892,   0.924
319,1,0.848,0.947,  19.715,   9.470,  12.114,   0.773,   0.164,   0.717,   0.058,   0.646,   0.562,   0.777,   0.902,   0.904
320,1,0.848,0.947,  19.715,   9.470,  13.364,   0.774,   0.128,   0.741,   0.121,   0.670,   0.598,   0.790,   0.892,   0.876
321,1,0.848,0.947,  19.715,   9.470,  14.614,   0.767,   0.100,   0.759,   0.142,   0.686,   0.630,   0.798,   0.858,   0.836
322,1,0.848,0.947,  20.965,   3.220,   8.364,   0.772,   0.067,   0.797,   0.043,   0.752,   0.671,   0.899,   0.495,   0.447
323,1,0.848,0.947,  20.965,   3.220,  15.864,   0.818,   0.036,   0.887,   0.067,   0.850,   0.735,   0.925,   0.501,   0.347
324,1,0.848,0.947,  20.965,   4.470,   8.364,   0.769,   0.100,   0.768,   0.003,   0.717,   0.644,   0.869,   0.599,   0.554
325,1,0.848,0.947,  20.965,   4.470,   9.614,   0.788,   0.091,   0.792,   0.031,   0.748,   0.642,   0.881,   0.610,   0.516
326,1,0.848,0.947,  20.965,   4.470,  13.364,   0.824,   0.055,   0.854,   0.156,   0.817,   0.683,   0.904,   0.630,   0.460
327,1,0.848,0.947,  20.965,   4.470,  14.614,   0.825,   0.049,   0.865,   0.165,   0.825,   0.701,   0.905,   0.618,   0.449
328,1,0.848,0.947,  20.965,   5.720,   8.364,   0.771,   0.144,   0.728,   0.046,   0.674,   0.605,   0.827,   0.690,   0.671
329,1,0.848,0.947,  20.965,   5.720,   9.614,   0.784,   0.131,   0.755,   0.010,   0.707,   0.606,   0.841,   0.706,   0.635
330,1,0.848,0.947,  20.965,   5.720,  10.864,   0.798,   0.113,   0.780,   0.059,   0.736,   0.617,   0.851,   0.719,   0.607
331,1,0.848,0.947,  20.965,   5.720,  12.114,   0.812,   0.092,   0.805,   0.142,   0.763,   0.635,   0.864,   0.726,   0.588
332,1,0.848,0.947,  20.965,   5.720,  13.364,   0.819,   0.075,   0.823,   0.207,   0.781,   0.657,   0.870,   0.723,   0.574
333,1,0.848,0.947,  20.965,   5.720,  14.614,   0.818,   0.064,   0.835,   0.220,   0.791,   0.676,   0.873,   0.705,   0.557
334,1,0.848,0.947,  20.965,   6.970,   8.364,   0.773,   0.204,   0.682,   0.077,   0.625,   0.553,   0.777,   0.754,   0.785
335,1,0.848,0.947,  20.965,   6.970,   9.614,   0.785,   0.186,   0.711,   0.037,   0.660,   0.560,   0.794,   0.775,   0.754
336,1,0.848,0.947,  20.965,   6.970,  10.864,   0.793,   0.160,   0.739,   0.045,   0.691,   0.576,   0.807,   0.792,   0.729
337,1,0.848,0.947,  20.965,   6.970,  12.114,   0.805,   0.129,   0.766,   0.143,   0.720,   0.599,   0.822,   0.799,   0.710
338,1,0.848,0.947,  20.965,   6.970,  13.364,   0.809,   0.103,   0.787,   0.216,   0.741,   0.625,   0.831,   0.793,   0.692
339,1,0.848,0.947,  20.965,   6.970,  14.614,   0.806,   0.085,   0.801,   0.230,   0.752,   0.649,   0.837,   0.770,   0.669
340,1,0.848,0.947,  20.965,   8.220,   8.364,   0.772,   0.275,   0.631,   0.076,   0.570,   0.493,   0.726,   0.782,   0.876
341,1,0.848,0.947,  20.965,   8.220,   9.614,   0.781,   0.248,   0.663,   0.038,   0.607,   0.506,   0.745,   0.809,   0.855
342,1,0.848,0.947,  20.965,   8.220,  10.864,   0.784,   0.210,   0.692,   0.035,   0.642,   0.528,   0.760,   0.829,   0.834
343,1,0.848,0.947,  20.965,   8.220,  12.114,   0.791,   0.169,   0.722,   0.119,   0.672,   0.557,   0.778,   0.837,   0.814
344,1,0.848,0.947,  20.965,   8.220,  13.364,   0.791,   0.135,   0.745,   0.179,   0.695,   0.588,   0.790,   0.830,   0.793
345,1,0.848,0.947,  20.965,   8.220,  14.614,   0.784,   0.108,   0.762,   0.188,   0.709,   0.616,   0.798,   0.803,   0.763
346,1,0.848,0.947,  20.965,   8.220,  15.864,   0.766,   0.085,   0.773,   0.135,   0.715,   0.638,   0.806,   0.756,   0.721
347,1,0.848,0.947,  20.965,   9.470,   8.364,   0.762,   0.344,   0.578,   0.044,   0.514,   0.430,   0.673,   0.773,   0.929
348,1,0.848,0.947,  20.965,   9.470,   9.614,   0.767,   0.305,   0.612,   0.017,   0.552,   0.450,   0.694,   0.804,   0.917
349,1,0.848,0.947,  20.965,   9.470,  10.864,   0.765,   0.254,   0.643,   0.030,   0.588,   0.478,   0.712,   0.827,   0.901
350,1,0.848,0.947,  20.965,   9.470,  12.114,   0.764,   0.202,   0.674,   0.079,   0.621,   0.512,   0.733,   0.836,   0.881
351,1,0.848,0.947,  20.965,   9.470,  13.364,   0.759,   0.159,   0.700,   0.109,   0.646,   0.548,   0.747,   0.828,   0.855
352,1,0.848,0.947,  22.215,   3.220,   7.114,   0.758,   0.094,   0.747,   0.120,   0.708,   0.671,   0.857,   0.492,   0.521
353,1,0.848,0.947,  22.215,   3.220,   8.364,   0.773,   0.090,   0.767,   0.125,   0.738,   0.658,   0.866,   0.480,   0.473
354,1,0.848,0.947,  22.215,   3.220,   9.614,   0.781,   0.078,   0.787,   0.100,   0.766,   0.649,   0.874,   0.471,   0.428
355,1,0.848,0.947,  22.215,   4.470,   7.114,   0.758,   0.138,   0.710,   0.112,   0.669,   0.634,   0.818,   0.579,   0.628
356,1,0.848,0.947,  22.215,   4.470,   8.364,   0.774,   0.131,   0.734,   0.105,   0.702,   0.624,   0.831,   0.572,   0.574
357,1,0.848,0.947,  22.215,   4.470,   9.614,   0.781,   0.115,   0.756,   0.083,   0.732,   0.618,   0.841,   0.566,   0.525
358,1,0.848,0.947,  22.215,   5.720,   8.364,   0.768,   0.183,   0.690,   0.050,   0.656,   0.577,   0.783,   0.650,   0.682
359,1,0.848,0.947,  22.215,   5.720,   9.614,   0.777,   0.163,   0.716,   0.039,   0.688,   0.576,   0.796,   0.651,   0.635
360,1,0.848,0.947,  22.215,   5.720,  13.364,   0.774,   0.077,   0.779,   0.054,   0.759,   0.610,   0.823,   0.637,   0.548
361,1,0.848,0.947,  22.215,   6.970,   8.364,   0.763,   0.251,   0.640,   0.008,   0.603,   0.517,   0.729,   0.703,   0.782
362,1,0.848,0.947,  22.215,   6.970,   9.614,   0.773,   0.226,   0.668,   0.003,   0.638,   0.524,   0.745,   0.711,   0.741
363,1,0.848,0.947,  22.215,   6.970,  10.864,   0.775,   0.189,   0.694,   0.022,   0.670,   0.537,   0.757,   0.716,   0.708
364,1,0.848,0.947,  22.215,   6.970,  12.114,   0.774,   0.149,   0.721,   0.055,   0.698,   0.556,   0.772,   0.716,   0.682
365,1,0.848,0.947,  22.215,   6.970,  13.364,   0.770,   0.117,   0.741,   0.080,   0.718,   0.578,   0.781,   0.707,   0.661
366,1,0.848,0.947,  22.215,   8.220,   8.364,   0.765,   0.328,   0.586,   0.042,   0.545,   0.450,   0.673,   0.722,   0.855
367,1,0.848,0.947,  22.215,   8.220,   9.614,   0.772,   0.296,   0.617,   0.022,   0.583,   0.464,   0.691,   0.739,   0.825
368,1,0.848,0.947,  22.215,   8.220,  10.864,   0.769,   0.250,   0.645,   0.017,   0.617,   0.485,   0.707,   0.752,   0.800
369,1,0.848,0.947,  22.215,   8.220,  12.114,   0.767,   0.201,   0.674,   0.058,   0.648,   0.512,   0.725,   0.756,   0.778
370,1,0.848,0.947,  22.215,   8.220,  13.364,   0.761,   0.160,   0.698,   0.084,   0.671,   0.541,   0.737,   0.749,   0.757
371,1,0.848,0.947,  22.215,   9.470,   8.364,   0.757,   0.403,   0.530,   0.039,   0.485,   0.381,   0.618,   0.707,   0.887
372,1,0.848,0.947,  22.215,   9.470,   9.614,   0.760,   0.360,   0.563,   0.012,   0.524,   0.403,   0.638,   0.733,   0.871
373,1,0.848,0.947,  23.465,   1.970,   7.114,   0.761,   0.078,   0.755,   0.185,   0.729,   0.695,   0.865,   0.412,   0.441
374,1,0.848,0.947,  23.465,   1.970,   9.614,   0.767,   0.059,   0.786,   0.090,   0.781,   0.660,   0.875,   0.359,   0.356
375,1,0.848,0.947,  23.465,   3.220,   7.114,   0.765,   0.117,   0.719,   0.255,   0.694,   0.661,   0.825,   0.491,   0.530
376,1,0.848,0.947,  23.465,   3.220,   8.364,   0.774,   0.109,   0.737,   0.226,   0.723,   0.646,   0.832,   0.464,   0.477
377,1,0.848,0.947,  23.465,   3.220,   9.614,   0.771,   0.090,   0.755,   0.152,   0.750,   0.633,   0.840,   0.440,   0.427
378,1,0.848,0.947,  23.465,   3.220,  10.864,   0.759,   0.064,   0.771,   0.051,   0.773,   0.625,   0.844,   0.423,   0.386
379,1,0.848,0.947,  23.465,   4.470,   7.114,   0.766,   0.166,   0.677,   0.264,   0.652,   0.615,   0.781,   0.563,   0.628
380,1,0.848,0.947,  23.465,   4.470,   8.364,   0.775,   0.156,   0.699,   0.230,   0.685,   0.606,   0.791,   0.541,   0.570
381,1,0.848,0.947,  23.465,   4.470,   9.614,   0.772,   0.132,   0.720,   0.155,   0.715,   0.598,   0.801,   0.521,   0.516
382,1,0.848,0.947,  23.465,   4.470,  10.864,   0.759,   0.098,   0.739,   0.059,   0.740,   0.595,   0.808,   0.505,   0.473
383,1,0.848,0.947,  23.465,   5.720,   7.114,   0.758,   0.227,   0.627,   0.212,   0.602,   0.555,   0.726,   0.619,   0.722
384,1,0.848,0.947,  23.465,   5.720,   8.364,   0.769,   0.214,   0.652,   0.171,   0.637,   0.551,   0.739,   0.605,   0.666
385,1,0.848,0.947,  23.465,   5.720,   9.614,   0.767,   0.186,   0.676,   0.106,   0.669,   0.551,   0.752,   0.592,   0.614
386,1,0.848,0.947,  23.465,   6.970,   8.364,   0.759,   0.287,   0.598,   0.081,   0.581,   0.485,   0.681,   0.645,   0.750
387,1,0.848,0.947,  23.465,   6.970,   9.614,   0.761,   0.255,   0.625,   0.041,   0.617,   0.493,   0.696,   0.643,   0.705
388,1,0.848,0.947,  24.715,   1.970,   7.114,   0.760,   0.091,   0.729,   0.282,   0.712,   0.691,   0.837,   0.426,   0.433
389,1,0.848,0.947,  24.715,   1.970,   8.364,   0.760,   0.082,   0.743,   0.207,   0.739,   0.670,   0.841,   0.382,   0.389
390,1,0.848,0.947,  24.715,   3.220,   7.114,   0.763,   0.130,   0.689,   0.374,   0.675,   0.649,   0.792,   0.489,   0.512
391,1,0.848,0.947,  24.715,   3.220,   8.364,   0.764,   0.118,   0.706,   0.308,   0.705,   0.634,   0.798,   0.448,   0.461
392,1,0.848,0.947,  24.715,   4.470,   7.114,   0.761,   0.181,   0.644,   0.397,   0.632,   0.595,   0.743,   0.545,   0.599
393,1,0.848,0.947,  24.715,   4.470,   8.364,   0.765,   0.167,   0.665,   0.332,   0.665,   0.587,   0.752,   0.510,   0.544
394,1,0.848,0.947,  24.715,   5.720,   8.364,   0.757,   0.228,   0.614,   0.272,   0.616,   0.527,   0.696,   0.559,   0.627
